dataset,model,n,seed,positives,auc,brier,revenue_captured_top10,seconds
telecom-bigml,tabpfn-3.5,50,0,7,0.73558,0.112396,0.315615,4.8
telecom-bigml,boosted-trees,50,0,7,0.509144,0.134028,0.180738,0.08
telecom-bigml,logistic,50,0,7,0.645682,0.144171,0.26728,0.0
telecom-bigml,tabpfn-3.5,2000,0,290,0.937483,0.019989,0.700514,7.47
telecom-bigml,boosted-trees,2000,0,290,0.931749,0.034146,0.675611,0.72
telecom-bigml,logistic,2000,0,290,0.802766,0.102377,0.389569,0.01
telecom-bigml,tabpfn-3.5,50,1,7,0.813011,0.106873,0.345105,4.81
telecom-bigml,boosted-trees,50,1,7,0.617944,0.128471,0.209051,0.12
telecom-bigml,logistic,50,1,7,0.805315,0.109366,0.322446,0.01
telecom-bigml,tabpfn-3.5,50,2,7,0.849408,0.096074,0.330549,3.12
telecom-bigml,boosted-trees,50,2,7,0.547303,0.148411,0.114788,0.06
telecom-bigml,logistic,50,2,7,0.733553,0.116077,0.371182,0.0
telecom-bigml,tabpfn-3.5,50,3,7,0.685015,0.105453,0.509897,3.09
telecom-bigml,boosted-trees,50,3,7,0.548774,0.135064,0.142749,0.07
telecom-bigml,logistic,50,3,7,0.673135,0.115113,0.404316,0.0
telecom-bigml,tabpfn-3.5,50,4,7,0.70236,0.112366,0.478986,2.95
telecom-bigml,boosted-trees,50,4,7,0.526724,0.136351,0.142143,0.07
telecom-bigml,logistic,50,4,7,0.6444,0.127895,0.308489,0.0
telecom-bigml,tabpfn-3.5,100,0,14,0.799908,0.102781,0.321532,3.25
telecom-bigml,boosted-trees,100,0,14,0.66574,0.13385,0.185243,0.14
telecom-bigml,logistic,100,0,14,0.762223,0.112958,0.282452,0.0
telecom-bigml,tabpfn-3.5,100,1,14,0.736188,0.103556,0.448664,3.04
telecom-bigml,boosted-trees,100,1,14,0.551422,0.148033,0.167398,0.13
telecom-bigml,logistic,100,1,14,0.662014,0.129626,0.259994,0.0
telecom-bigml,tabpfn-3.5,100,2,14,0.816653,0.102721,0.333704,3.01
telecom-bigml,boosted-trees,100,2,14,0.593665,0.136868,0.145087,0.12
telecom-bigml,logistic,100,2,14,0.702498,0.119723,0.302086,0.0
telecom-bigml,tabpfn-3.5,100,3,14,0.803034,0.102806,0.388642,3.14
telecom-bigml,boosted-trees,100,3,14,0.66289,0.140627,0.243803,0.14
telecom-bigml,logistic,100,3,14,0.785054,0.111204,0.397194,0.01
telecom-bigml,tabpfn-3.5,100,4,14,0.831062,0.084429,0.504147,3.14
telecom-bigml,boosted-trees,100,4,14,0.697578,0.121256,0.35547,0.15
telecom-bigml,logistic,100,4,14,0.760634,0.117411,0.341325,0.01
telecom-bigml,tabpfn-3.5,200,0,29,0.846728,0.095292,0.387354,3.79
telecom-bigml,boosted-trees,200,0,29,0.743504,0.122511,0.26123,0.17
telecom-bigml,logistic,200,0,29,0.729879,0.111976,0.263887,0.0
telecom-bigml,tabpfn-3.5,200,1,29,0.883263,0.07796,0.566964,3.3
telecom-bigml,boosted-trees,200,1,29,0.676679,0.128717,0.300514,0.11
telecom-bigml,logistic,200,1,29,0.760451,0.114777,0.31441,0.0
telecom-bigml,tabpfn-3.5,200,2,29,0.859065,0.086907,0.469554,3.37
telecom-bigml,boosted-trees,200,2,29,0.695443,0.116206,0.358875,0.22
telecom-bigml,logistic,200,2,29,0.725034,0.124001,0.268531,0.01
telecom-bigml,tabpfn-3.5,200,3,29,0.898784,0.063363,0.582616,3.32
telecom-bigml,boosted-trees,200,3,29,0.758725,0.105759,0.422006,0.11
telecom-bigml,logistic,200,3,29,0.77018,0.107883,0.374225,0.0
telecom-bigml,tabpfn-3.5,200,4,29,0.893835,0.07851,0.54241,3.3
telecom-bigml,boosted-trees,200,4,29,0.644282,0.132266,0.221848,0.23
telecom-bigml,logistic,200,4,29,0.750552,0.111408,0.310642,0.0
telecom-bigml,tabpfn-3.5,500,0,72,0.912435,0.045283,0.675359,4.13
telecom-bigml,boosted-trees,500,0,72,0.88542,0.081077,0.525761,0.55
telecom-bigml,logistic,500,0,72,0.763361,0.106585,0.430944,0.01
telecom-bigml,tabpfn-3.5,500,1,72,0.92236,0.046331,0.685093,3.97
telecom-bigml,boosted-trees,500,1,72,0.890448,0.074907,0.543795,0.44
telecom-bigml,logistic,500,1,72,0.784041,0.105356,0.355154,0.01
telecom-bigml,tabpfn-3.5,500,2,72,0.914874,0.044853,0.671837,3.92
telecom-bigml,boosted-trees,500,2,72,0.895286,0.081012,0.521739,0.57
telecom-bigml,logistic,500,2,72,0.781523,0.104374,0.388456,0.01
telecom-bigml,tabpfn-3.5,500,3,72,0.909114,0.054341,0.629182,3.94
telecom-bigml,boosted-trees,500,3,72,0.855816,0.098607,0.418925,0.25
telecom-bigml,logistic,500,3,72,0.774155,0.1082,0.367068,0.01
telecom-bigml,tabpfn-3.5,500,4,72,0.912239,0.040836,0.675208,3.94
telecom-bigml,boosted-trees,500,4,72,0.892756,0.071218,0.562082,0.41
telecom-bigml,logistic,500,4,72,0.780791,0.110337,0.346981,0.01
telecom-bigml,tabpfn-3.5,1000,0,145,0.931102,0.029128,0.710891,5.35
telecom-bigml,boosted-trees,1000,0,145,0.923086,0.047591,0.644631,0.57
telecom-bigml,logistic,1000,0,145,0.793083,0.10307,0.392828,0.01
telecom-bigml,tabpfn-3.5,1000,1,145,0.923406,0.033009,0.70281,5.51
telecom-bigml,boosted-trees,1000,1,145,0.913416,0.047134,0.670035,0.39
telecom-bigml,logistic,1000,1,145,0.792364,0.104198,0.358728,0.01
telecom-bigml,tabpfn-3.5,1000,2,145,0.936907,0.027759,0.709686,5.23
telecom-bigml,boosted-trees,1000,2,145,0.9088,0.044413,0.671695,0.57
telecom-bigml,logistic,1000,2,145,0.798712,0.103152,0.379899,0.01
telecom-bigml,tabpfn-3.5,1000,3,145,0.931376,0.031879,0.694811,5.15
telecom-bigml,boosted-trees,1000,3,145,0.902465,0.056371,0.647612,0.38
telecom-bigml,logistic,1000,3,145,0.78782,0.103085,0.427777,0.01
telecom-bigml,tabpfn-3.5,1000,4,145,0.923099,0.031348,0.715229,5.19
telecom-bigml,boosted-trees,1000,4,145,0.915181,0.052643,0.650326,0.51
telecom-bigml,logistic,1000,4,145,0.800281,0.103114,0.385764,0.01
telecom-bigml,tabpfn-3.5,2000,1,290,0.933442,0.020609,0.703809,7.48
telecom-bigml,boosted-trees,2000,1,290,0.925956,0.037337,0.683967,0.43
telecom-bigml,logistic,2000,1,290,0.801903,0.102065,0.390905,0.01
telecom-bigml,tabpfn-3.5,2000,2,290,0.935306,0.021959,0.707955,7.54
telecom-bigml,boosted-trees,2000,2,290,0.92916,0.035684,0.687384,0.4
telecom-bigml,logistic,2000,2,290,0.804472,0.102378,0.385922,0.01
telecom-bigml,tabpfn-3.5,2000,3,290,0.936973,0.020181,0.704485,7.49
telecom-bigml,boosted-trees,2000,3,290,0.924779,0.037044,0.672887,0.78
telecom-bigml,logistic,2000,3,290,0.802171,0.102662,0.396778,0.01
telecom-bigml,tabpfn-3.5,2000,4,290,0.93303,0.020208,0.703113,7.65
telecom-bigml,boosted-trees,2000,4,290,0.925381,0.035931,0.686294,0.42
telecom-bigml,logistic,2000,4,290,0.806715,0.102048,0.384117,0.01
bank-churn,tabpfn-3.5,50,0,10,0.75638,0.141471,nan,4.87
bank-churn,boosted-trees,50,0,10,0.67261,0.170274,nan,0.05
bank-churn,logistic,50,0,10,0.675923,0.182262,nan,0.0
bank-churn,tabpfn-3.5,50,1,10,0.726191,0.14211,nan,4.06
bank-churn,boosted-trees,50,1,10,0.653733,0.179498,nan,0.04
bank-churn,logistic,50,1,10,0.677853,0.173519,nan,0.01
bank-churn,tabpfn-3.5,50,2,10,0.727763,0.146526,nan,4.08
bank-churn,boosted-trees,50,2,10,0.631592,0.171791,nan,0.07
bank-churn,logistic,50,2,10,0.605021,0.185223,nan,0.0
bank-churn,tabpfn-3.5,50,3,10,0.730921,0.149794,nan,4.05
bank-churn,boosted-trees,50,3,10,0.679447,0.16617,nan,0.07
bank-churn,logistic,50,3,10,0.695727,0.157227,nan,0.0
bank-churn,tabpfn-3.5,50,4,10,0.624029,0.157012,nan,4.13
bank-churn,boosted-trees,50,4,10,0.67817,0.162866,nan,0.03
bank-churn,logistic,50,4,10,0.645202,0.180597,nan,0.0
bank-churn,tabpfn-3.5,100,0,20,0.794435,0.131031,nan,4.2
bank-churn,boosted-trees,100,0,20,0.680139,0.162007,nan,0.1
bank-churn,logistic,100,0,20,0.667704,0.15813,nan,0.0
bank-churn,tabpfn-3.5,100,1,20,0.775121,0.13436,nan,4.58
bank-churn,boosted-trees,100,1,20,0.691209,0.169587,nan,0.07
bank-churn,logistic,100,1,20,0.687317,0.164684,nan,0.0
bank-churn,tabpfn-3.5,100,2,20,0.768444,0.138743,nan,4.32
bank-churn,boosted-trees,100,2,20,0.663624,0.17282,nan,0.15
bank-churn,logistic,100,2,20,0.610035,0.162482,nan,0.0
bank-churn,tabpfn-3.5,100,3,20,0.763403,0.136721,nan,4.06
bank-churn,boosted-trees,100,3,20,0.686732,0.163265,nan,0.16
bank-churn,logistic,100,3,20,0.677528,0.153079,nan,0.0
bank-churn,tabpfn-3.5,100,4,20,0.791334,0.129295,nan,4.47
bank-churn,boosted-trees,100,4,20,0.696353,0.162246,nan,0.18
bank-churn,logistic,100,4,20,0.704706,0.152469,nan,0.0
bank-churn,tabpfn-3.5,200,0,41,0.823322,0.118119,nan,4.64
bank-churn,boosted-trees,200,0,41,0.696962,0.16851,nan,0.17
bank-churn,logistic,200,0,41,0.664516,0.154082,nan,0.0
bank-churn,tabpfn-3.5,200,1,41,0.799198,0.125676,nan,4.36
bank-churn,boosted-trees,200,1,41,0.690442,0.168004,nan,0.21
bank-churn,logistic,200,1,41,0.688077,0.156706,nan,0.0
bank-churn,tabpfn-3.5,200,2,41,0.808254,0.121359,nan,4.27
bank-churn,boosted-trees,200,2,41,0.675416,0.174758,nan,0.25
bank-churn,logistic,200,2,41,0.699081,0.149971,nan,0.0
bank-churn,tabpfn-3.5,200,3,41,0.821048,0.117537,nan,4.4
bank-churn,boosted-trees,200,3,41,0.708461,0.169816,nan,0.13
bank-churn,logistic,200,3,41,0.71612,0.147247,nan,0.0
bank-churn,tabpfn-3.5,200,4,41,0.818386,0.121045,nan,4.23
bank-churn,boosted-trees,200,4,41,0.696568,0.154172,nan,0.1
bank-churn,logistic,200,4,41,0.653405,0.156703,nan,0.0
bank-churn,tabpfn-3.5,500,0,102,0.835242,0.112662,nan,4.93
bank-churn,boosted-trees,500,0,102,0.779464,0.133187,nan,0.22
bank-churn,logistic,500,0,102,0.710854,0.144984,nan,0.01
bank-churn,tabpfn-3.5,500,1,102,0.826619,0.116154,nan,4.67
bank-churn,boosted-trees,500,1,102,0.717186,0.159479,nan,0.32
bank-churn,logistic,500,1,102,0.714194,0.147315,nan,0.01
bank-churn,tabpfn-3.5,500,2,102,0.842113,0.110711,nan,4.85
bank-churn,boosted-trees,500,2,102,0.795017,0.128059,nan,0.24
bank-churn,logistic,500,2,102,0.713805,0.145508,nan,0.01
bank-churn,tabpfn-3.5,500,3,102,0.815094,0.117529,nan,4.81
bank-churn,boosted-trees,500,3,102,0.703939,0.164553,nan,0.26
bank-churn,logistic,500,3,102,0.686977,0.153813,nan,0.0
bank-churn,tabpfn-3.5,500,4,102,0.826976,0.115245,nan,4.74
bank-churn,boosted-trees,500,4,102,0.731684,0.157237,nan,0.24
bank-churn,logistic,500,4,102,0.70205,0.149222,nan,0.01
bank-churn,tabpfn-3.5,1000,0,204,0.838914,0.109043,nan,5.81
bank-churn,boosted-trees,1000,0,204,0.787245,0.13007,nan,0.5
bank-churn,logistic,1000,0,204,0.721897,0.144262,nan,0.0
bank-churn,tabpfn-3.5,1000,1,204,0.845575,0.10905,nan,5.95
bank-churn,boosted-trees,1000,1,204,0.801603,0.133148,nan,0.35
bank-churn,logistic,1000,1,204,0.71653,0.148936,nan,0.01
bank-churn,tabpfn-3.5,1000,2,204,0.846181,0.109135,nan,5.74
bank-churn,boosted-trees,1000,2,204,0.794481,0.131413,nan,0.58
bank-churn,logistic,1000,2,204,0.72008,0.146186,nan,0.01
bank-churn,tabpfn-3.5,1000,3,204,0.844147,0.108492,nan,5.81
bank-churn,boosted-trees,1000,3,204,0.796841,0.129214,nan,0.35
bank-churn,logistic,1000,3,204,0.712778,0.145771,nan,0.0
bank-churn,tabpfn-3.5,1000,4,204,0.852335,0.106646,nan,5.93
bank-churn,boosted-trees,1000,4,204,0.812295,0.123629,nan,0.35
bank-churn,logistic,1000,4,204,0.723704,0.143872,nan,0.01
bank-churn,tabpfn-3.5,2000,0,408,0.853394,0.105727,nan,8.27
bank-churn,boosted-trees,2000,0,408,0.817337,0.119416,nan,0.39
bank-churn,logistic,2000,0,408,0.721092,0.14377,nan,0.01
bank-churn,tabpfn-3.5,2000,1,408,0.857658,0.105356,nan,8.24
bank-churn,boosted-trees,2000,1,408,0.818872,0.122931,nan,0.47
bank-churn,logistic,2000,1,408,0.71917,0.144355,nan,0.01
bank-churn,tabpfn-3.5,2000,2,408,0.854996,0.10698,nan,8.38
bank-churn,boosted-trees,2000,2,408,0.819088,0.120972,nan,0.4
bank-churn,logistic,2000,2,408,0.72129,0.144351,nan,0.01
bank-churn,tabpfn-3.5,2000,3,408,0.851048,0.107855,nan,8.4
bank-churn,boosted-trees,2000,3,408,0.798208,0.126231,nan,0.62
bank-churn,logistic,2000,3,408,0.722611,0.143517,nan,0.01
bank-churn,tabpfn-3.5,2000,4,408,0.858802,0.105065,nan,8.53
bank-churn,boosted-trees,2000,4,408,0.810223,0.121736,nan,0.75
bank-churn,logistic,2000,4,408,0.725769,0.143363,nan,0.01
kkbox-churn,tabpfn-3.5,50,0,4,0.810084,0.06184,0.788744,5.22
kkbox-churn,boosted-trees,50,0,4,0.579696,0.095356,0.211272,0.22
kkbox-churn,logistic,50,0,4,0.517479,0.074914,0.629159,0.01
kkbox-churn,tabpfn-3.5,50,1,4,0.814565,0.05823,0.779262,5.01
kkbox-churn,boosted-trees,50,1,4,0.478839,0.090595,0.226211,0.06
kkbox-churn,logistic,50,1,4,0.725304,0.073693,0.766353,0.01
kkbox-churn,tabpfn-3.5,50,2,4,0.787172,0.07268,0.701041,4.72
kkbox-churn,boosted-trees,50,2,4,0.676877,0.079925,0.560737,0.06
kkbox-churn,logistic,50,2,4,0.746665,0.075064,0.769264,0.01
kkbox-churn,tabpfn-3.5,50,3,4,0.785731,0.065496,0.749434,4.51
kkbox-churn,boosted-trees,50,3,4,0.685883,0.079949,0.695369,0.05
kkbox-churn,logistic,50,3,4,0.608903,0.070502,0.687201,0.01
kkbox-churn,tabpfn-3.5,50,4,4,0.832596,0.059013,0.822748,4.48
kkbox-churn,boosted-trees,50,4,4,0.682254,0.079065,0.255723,0.05
kkbox-churn,logistic,50,4,4,0.810972,0.054424,0.812467,0.01
kkbox-churn,tabpfn-3.5,100,0,9,0.81939,0.057604,0.804881,4.59
kkbox-churn,boosted-trees,100,0,9,0.661392,0.086514,0.439297,0.07
kkbox-churn,logistic,100,0,9,0.773951,0.061122,0.799923,0.0
kkbox-churn,tabpfn-3.5,100,1,9,0.836057,0.05985,0.804831,4.47
kkbox-churn,boosted-trees,100,1,9,0.734707,0.089734,0.672195,0.09
kkbox-churn,logistic,100,1,9,0.751901,0.065172,0.80019,0.0
kkbox-churn,tabpfn-3.5,100,2,9,0.812417,0.068798,0.791922,4.62
kkbox-churn,boosted-trees,100,2,9,0.718892,0.082963,0.525336,0.11
kkbox-churn,logistic,100,2,9,0.710787,0.085256,0.713585,0.01
kkbox-churn,tabpfn-3.5,100,3,9,0.814364,0.05842,0.786998,4.55
kkbox-churn,boosted-trees,100,3,9,0.682737,0.076189,0.572698,0.07
kkbox-churn,logistic,100,3,9,0.653051,0.064611,0.743712,0.0
kkbox-churn,tabpfn-3.5,100,4,9,0.799299,0.06907,0.715431,4.63
kkbox-churn,boosted-trees,100,4,9,0.709511,0.078419,0.59489,0.06
kkbox-churn,logistic,100,4,9,0.791163,0.072689,0.785351,0.01
kkbox-churn,tabpfn-3.5,200,0,18,0.851383,0.05377,0.834725,5.04
kkbox-churn,boosted-trees,200,0,18,0.745533,0.076233,0.636146,0.12
kkbox-churn,logistic,200,0,18,0.740536,0.064392,0.784053,0.0
kkbox-churn,tabpfn-3.5,200,1,18,0.840148,0.061112,0.80548,4.93
kkbox-churn,boosted-trees,200,1,18,0.739352,0.07761,0.558408,0.12
kkbox-churn,logistic,200,1,18,0.72465,0.07935,0.664426,0.01
kkbox-churn,tabpfn-3.5,200,2,18,0.831251,0.058685,0.810204,4.82
kkbox-churn,boosted-trees,200,2,18,0.727991,0.084205,0.603424,0.11
kkbox-churn,logistic,200,2,18,0.77692,0.061494,0.781524,0.0
kkbox-churn,tabpfn-3.5,200,3,18,0.850428,0.059781,0.838834,4.8
kkbox-churn,boosted-trees,200,3,18,0.729616,0.077885,0.5358,0.12
kkbox-churn,logistic,200,3,18,0.748733,0.067713,0.596952,0.0
kkbox-churn,tabpfn-3.5,200,4,18,0.845779,0.057428,0.783122,4.82
kkbox-churn,boosted-trees,200,4,18,0.721435,0.074447,0.720172,0.12
kkbox-churn,logistic,200,4,18,0.740071,0.063237,0.757236,0.0
kkbox-churn,tabpfn-3.5,500,0,44,0.866389,0.05361,0.806894,5.39
kkbox-churn,boosted-trees,500,0,44,0.767158,0.069856,0.716529,0.26
kkbox-churn,logistic,500,0,44,0.767077,0.064533,0.750932,0.01
kkbox-churn,tabpfn-3.5,500,1,44,0.853623,0.052583,0.833045,5.52
kkbox-churn,boosted-trees,500,1,44,0.782137,0.072899,0.720422,0.25
kkbox-churn,logistic,500,1,44,0.78676,0.062684,0.780659,0.01
kkbox-churn,tabpfn-3.5,500,2,44,0.856171,0.053643,0.820169,5.44
kkbox-churn,boosted-trees,500,2,44,0.811334,0.071037,0.756538,0.28
kkbox-churn,logistic,500,2,44,0.803659,0.059416,0.813881,0.01
kkbox-churn,tabpfn-3.5,500,3,44,0.837412,0.051811,0.824993,5.48
kkbox-churn,boosted-trees,500,3,44,0.734612,0.07465,0.715415,0.45
kkbox-churn,logistic,500,3,44,0.823348,0.055329,0.809755,0.01
kkbox-churn,tabpfn-3.5,500,4,44,0.851525,0.050257,0.821101,5.45
kkbox-churn,boosted-trees,500,4,44,0.800707,0.063972,0.788861,0.24
kkbox-churn,logistic,500,4,44,0.751067,0.058414,0.794217,0.01
kkbox-churn,tabpfn-3.5,1000,0,89,0.866454,0.049191,0.835757,6.54
kkbox-churn,boosted-trees,1000,0,89,0.843384,0.061904,0.746124,0.62
kkbox-churn,logistic,1000,0,89,0.833054,0.058467,0.7948,0.01
kkbox-churn,tabpfn-3.5,1000,1,89,0.86827,0.049778,0.833478,7.18
kkbox-churn,boosted-trees,1000,1,89,0.849103,0.061613,0.797345,0.42
kkbox-churn,logistic,1000,1,89,0.839364,0.054232,0.813199,0.01
kkbox-churn,tabpfn-3.5,1000,2,89,0.854776,0.048112,0.839067,6.77
kkbox-churn,boosted-trees,1000,2,89,0.836611,0.062641,0.805297,0.48
kkbox-churn,logistic,1000,2,89,0.831238,0.052241,0.837354,0.01
kkbox-churn,tabpfn-3.5,1000,3,89,0.868856,0.049105,0.837919,6.78
kkbox-churn,boosted-trees,1000,3,89,0.851764,0.061927,0.800689,0.44
kkbox-churn,logistic,1000,3,89,0.839383,0.05519,0.81453,0.01
kkbox-churn,tabpfn-3.5,1000,4,89,0.850354,0.047816,0.844241,6.93
kkbox-churn,boosted-trees,1000,4,89,0.825804,0.062205,0.803683,0.46
kkbox-churn,logistic,1000,4,89,0.809138,0.054412,0.817674,0.01
kkbox-churn,tabpfn-3.5,2000,0,177,0.877772,0.046833,0.856634,10.39
kkbox-churn,boosted-trees,2000,0,177,0.846687,0.05738,0.808108,0.46
kkbox-churn,logistic,2000,0,177,0.84365,0.051107,0.837038,0.01
kkbox-churn,tabpfn-3.5,2000,1,177,0.875714,0.046554,0.841762,9.68
kkbox-churn,boosted-trees,2000,1,177,0.858501,0.05183,0.812716,0.45
kkbox-churn,logistic,2000,1,177,0.832366,0.05295,0.830749,0.01
kkbox-churn,tabpfn-3.5,2000,2,177,0.876892,0.046645,0.845339,9.38
kkbox-churn,boosted-trees,2000,2,177,0.84783,0.055261,0.794301,0.46
kkbox-churn,logistic,2000,2,177,0.825576,0.0521,0.828886,0.01
kkbox-churn,tabpfn-3.5,2000,3,177,0.873433,0.046569,0.860843,9.35
kkbox-churn,boosted-trees,2000,3,177,0.847388,0.052176,0.820036,0.45
kkbox-churn,logistic,2000,3,177,0.844561,0.05236,0.835989,0.01
kkbox-churn,tabpfn-3.5,2000,4,177,0.883967,0.047106,0.849697,9.42
kkbox-churn,boosted-trees,2000,4,177,0.851804,0.056465,0.809439,0.45
kkbox-churn,logistic,2000,4,177,0.839194,0.052277,0.833843,0.01
netflix-churn,tabpfn-3.5,50,0,25,0.927412,0.106681,0.173034,6.65
netflix-churn,boosted-trees,50,0,25,0.911879,0.114915,0.144094,0.08
netflix-churn,logistic,50,0,25,0.912566,0.120629,0.167624,0.01
netflix-churn,tabpfn-3.5,50,1,25,0.935998,0.102072,0.185744,3.41
netflix-churn,boosted-trees,50,1,25,0.929397,0.119979,0.176545,0.05
netflix-churn,logistic,50,1,25,0.907861,0.123714,0.180512,0.01
netflix-churn,tabpfn-3.5,50,2,25,0.938492,0.104659,0.195208,3.42
netflix-churn,boosted-trees,50,2,25,0.898392,0.121619,0.177193,0.05
netflix-churn,logistic,50,2,25,0.880922,0.141472,0.206477,0.01
netflix-churn,tabpfn-3.5,50,3,25,0.934477,0.10046,0.197642,3.34
netflix-churn,boosted-trees,50,3,25,0.938499,0.099754,0.205121,0.04
netflix-churn,logistic,50,3,25,0.930749,0.106871,0.178168,0.0
netflix-churn,tabpfn-3.5,50,4,25,0.93101,0.100262,0.178264,3.42
netflix-churn,boosted-trees,50,4,25,0.918146,0.125173,0.173389,0.05
netflix-churn,logistic,50,4,25,0.946775,0.097642,0.172397,0.0
netflix-churn,tabpfn-3.5,100,0,50,0.957239,0.085607,0.162119,3.54
netflix-churn,boosted-trees,100,0,50,0.954538,0.084815,0.151211,0.07
netflix-churn,logistic,100,0,50,0.934983,0.104793,0.1614,0.01
netflix-churn,tabpfn-3.5,100,1,50,0.962269,0.079173,0.157973,3.5
netflix-churn,boosted-trees,100,1,50,0.963488,0.081792,0.172757,0.07
netflix-churn,logistic,100,1,50,0.939005,0.100242,0.16861,0.0
netflix-churn,tabpfn-3.5,100,2,50,0.945296,0.0933,0.174741,3.53
netflix-churn,boosted-trees,100,2,50,0.957773,0.086681,0.158063,0.08
netflix-churn,logistic,100,2,50,0.949241,0.092914,0.1623,0.01
netflix-churn,tabpfn-3.5,100,3,50,0.959541,0.082329,0.181592,3.45
netflix-churn,boosted-trees,100,3,50,0.951637,0.093531,0.194934,0.06
netflix-churn,logistic,100,3,50,0.940543,0.099134,0.182403,0.0
netflix-churn,tabpfn-3.5,100,4,50,0.943104,0.095097,0.174381,3.47
netflix-churn,boosted-trees,100,4,50,0.960608,0.084016,0.159685,0.09
netflix-churn,logistic,100,4,50,0.906276,0.125345,0.182224,0.0
netflix-churn,tabpfn-3.5,200,0,101,0.977318,0.061874,0.161398,3.8
netflix-churn,boosted-trees,200,0,101,0.974581,0.067244,0.15662,0.11
netflix-churn,logistic,200,0,101,0.944672,0.096178,0.155268,0.0
netflix-churn,tabpfn-3.5,200,1,101,0.971414,0.071197,0.165185,3.73
netflix-churn,boosted-trees,200,1,101,0.960537,0.08418,0.170234,0.1
netflix-churn,logistic,200,1,101,0.945191,0.097725,0.159505,0.0
netflix-churn,tabpfn-3.5,200,2,101,0.972448,0.071111,0.188804,3.74
netflix-churn,boosted-trees,200,2,101,0.980882,0.054477,0.193311,0.12
netflix-churn,logistic,200,2,101,0.9542,0.088407,0.186099,0.0
netflix-churn,tabpfn-3.5,200,3,101,0.979434,0.058047,0.182854,3.73
netflix-churn,boosted-trees,200,3,101,0.982194,0.051983,0.187001,0.1
netflix-churn,logistic,200,3,101,0.956053,0.085008,0.177625,0.0
netflix-churn,tabpfn-3.5,200,4,101,0.9615,0.085379,0.197729,3.73
netflix-churn,boosted-trees,200,4,101,0.969543,0.081195,0.193311,0.12
netflix-churn,logistic,200,4,101,0.94822,0.091737,0.191779,0.0
netflix-churn,tabpfn-3.5,500,0,251,0.996334,0.021957,0.184657,4.63
netflix-churn,boosted-trees,500,0,251,0.993768,0.027899,0.196016,0.22
netflix-churn,logistic,500,0,251,0.958098,0.082444,0.18024,0.01
netflix-churn,tabpfn-3.5,500,1,251,0.992235,0.035621,0.187001,4.34
netflix-churn,boosted-trees,500,1,251,0.987172,0.045012,0.178437,0.19
netflix-churn,logistic,500,1,251,0.957729,0.08345,0.173478,0.0
netflix-churn,tabpfn-3.5,500,2,251,0.993173,0.030506,0.164463,4.3
netflix-churn,boosted-trees,500,2,251,0.989873,0.036766,0.166717,0.23
netflix-churn,logistic,500,2,251,0.956164,0.083772,0.164554,0.01
netflix-churn,tabpfn-3.5,500,3,251,0.996273,0.023785,0.172306,4.33
netflix-churn,boosted-trees,500,3,251,0.99548,0.025361,0.165726,0.21
netflix-churn,logistic,500,3,251,0.957518,0.083584,0.171495,0.01
netflix-churn,tabpfn-3.5,500,4,251,0.998066,0.016002,0.176634,4.3
netflix-churn,boosted-trees,500,4,251,0.994062,0.025822,0.183124,0.23
netflix-churn,logistic,500,4,251,0.958348,0.082756,0.169332,0.0
netflix-churn,tabpfn-3.5,1000,0,503,0.99855,0.014622,0.203949,5.61
netflix-churn,boosted-trees,1000,0,503,0.998186,0.010646,0.197639,0.31
netflix-churn,logistic,1000,0,503,0.960557,0.079868,0.172577,0.01
netflix-churn,tabpfn-3.5,1000,1,503,0.999203,0.011193,0.195024,5.37
netflix-churn,boosted-trees,1000,1,503,0.999065,0.010451,0.197098,0.4
netflix-churn,logistic,1000,1,503,0.957265,0.083674,0.176093,0.01
netflix-churn,tabpfn-3.5,1000,2,503,0.99891,0.012705,0.188714,5.33
netflix-churn,boosted-trees,1000,2,503,0.997576,0.01766,0.207735,0.34
netflix-churn,logistic,1000,2,503,0.96104,0.079425,0.170864,0.01
netflix-churn,tabpfn-3.5,1000,3,503,0.999328,0.010767,0.201605,5.35
netflix-churn,boosted-trees,1000,3,503,0.998324,0.010647,0.201245,0.33
netflix-churn,logistic,1000,3,503,0.959952,0.080955,0.178797,0.01
netflix-churn,tabpfn-3.5,1000,4,503,0.999676,0.006567,0.199622,5.33
netflix-churn,boosted-trees,1000,4,503,0.998325,0.011779,0.196377,0.34
netflix-churn,logistic,1000,4,503,0.959531,0.081188,0.167438,0.01
netflix-churn,tabpfn-3.5,2000,0,1006,0.999937,0.003818,0.191689,7.93
netflix-churn,boosted-trees,2000,0,1006,0.999399,0.007858,0.197729,0.36
netflix-churn,logistic,2000,0,1006,0.96029,0.080433,0.171675,0.01
netflix-churn,tabpfn-3.5,2000,1,1006,0.999924,0.003571,0.190787,7.72
netflix-churn,boosted-trees,2000,1,1006,0.999444,0.007726,0.203408,0.34
netflix-churn,logistic,2000,1,1006,0.960844,0.079835,0.172487,0.01
netflix-churn,tabpfn-3.5,2000,2,1006,0.999964,0.0026,0.193672,7.73
netflix-churn,boosted-trees,2000,2,1006,0.998918,0.007402,0.199712,0.42
netflix-churn,logistic,2000,2,1006,0.96154,0.079212,0.173478,0.01
netflix-churn,tabpfn-3.5,2000,3,1006,0.999872,0.004752,0.186099,7.67
netflix-churn,boosted-trees,2000,3,1006,0.998317,0.009538,0.197368,0.41
netflix-churn,logistic,2000,3,1006,0.961219,0.079426,0.173929,0.01
netflix-churn,tabpfn-3.5,2000,4,1006,0.99984,0.004554,0.189074,7.77
netflix-churn,boosted-trees,2000,4,1006,0.999517,0.006171,0.192139,0.55
netflix-churn,logistic,2000,4,1006,0.960252,0.080579,0.172757,0.01
